cannon_1, cannon_2, archer_1, townhall_1, mortar_1
1.0, 1.0, 0, 0.8735135135135135, 0
1.0, 1.0, 0, 0.8248648648648649, 0
